Model,Coefficient,Std_Error,P_Value,R_Squared,Adj_R_Squared,N
(1) Pooled,-4.637766295646749,4.084003433457729,0.2561268798915599,0.0022761132748866375,-0.0011407493508841515,294.0
(2) Country FE,-6.1367081435835305,3.65014163600616,0.09271928465609483,0.016473619150292662,-0.0006014916283481053,294.0
(3) Country+Sector FE,6.4323050566900974,1.9923024952657917,0.0012440709749435778,0.9729899417925985,0.9720355227746691,294.0
(4) Full FE,5.081102446844943,1.8944847916117522,0.007317257878398783,0.9739258512964979,0.9720156572522853,294.0
